<?xml version="1.0" encoding="UTF-8"?>
<metadata xml:lang="en"><Esri><CreaDate>20250621</CreaDate><CreaTime>13012400</CreaTime><ArcGISFormat>1.0</ArcGISFormat><SyncOnce>TRUE</SyncOnce><DataProperties><lineage><Process ToolSource="c:\program files (x86)\arcgis\desktop10.8\ArcToolbox\Toolboxes\Conversion Tools.tbx\RasterToPolygon" Date="20250618" Time="220958">RasterToPolygon Reclass_tif10 "D:\FIELD CAMP\LSTSBY2023.shp" SIMPLIFY LST SINGLE_OUTER_PART #</Process></lineage></DataProperties></Esri></metadata>
